{
  "MainWindow": {
    "GLOBAL": {
      "height": "986",
      "maximized": "0",
      "style": "0",
      "userScale": "2",
      "width": "1920",
      "xpos": "0",
      "ypos": "34"
    }
  },
  "Window": {
    "###/SmartDashboard/Field": {
      "Collapsed": "0",
      "Pos": "507,232",
      "Size": "952,451"
    },
    "###FMS": {
      "Collapsed": "0",
      "Pos": "7,810",
      "Size": "326,211"
    },
    "###Joysticks": {
      "Collapsed": "0",
      "Pos": "375,697",
      "Size": "1156,91"
    },
    "###NetworkTables": {
      "Collapsed": "0",
      "Pos": "375,415",
      "Size": "1125,277"
    },
    "###Other Devices": {
      "Collapsed": "0",
      "Pos": "1537,30",
      "Size": "375,1042"
    },
    "###PWM Outputs": {
      "Collapsed": "0",
      "Pos": "910,20",
      "Size": "151,231"
    },
    "###Solenoids": {
      "Collapsed": "0",
      "Pos": "202,32",
      "Size": "232,66"
    },
    "###System Joysticks": {
      "Collapsed": "0",
      "Pos": "7,525",
      "Size": "273,290"
    },
    "###Timing": {
      "Collapsed": "0",
      "Pos": "7,225",
      "Size": "188,157"
    },
    "Debug##Default": {
      "Collapsed": "0",
      "Pos": "60,60",
      "Size": "400,400"
    },
    "Robot State": {
      "Collapsed": "0",
      "Pos": "4,25",
      "Size": "126,129"
    }
  }
}
