{
  "HALProvider": {
    "PWM Outputs": {
      "window": {
        "visible": true
      }
    },
    "Solenoids": {
      "window": {
        "visible": true
      }
    }
  },
  "NTProvider": {
    "types": {
      "/FMSInfo": "FMSInfo",
      "/LiveWindow/Ungrouped/MecanumDrive[1]": "MecanumDrive",
      "/LiveWindow/Ungrouped/PWMSparkMax[4]": "Motor Controller",
      "/LiveWindow/Ungrouped/PWMSparkMax[5]": "Motor Controller",
      "/LiveWindow/Ungrouped/Spark[4]": "Motor Controller",
      "/LiveWindow/Ungrouped/Spark[5]": "Motor Controller",
      "/LiveWindow/Ungrouped/Talon[0]": "Motor Controller",
      "/LiveWindow/Ungrouped/Talon[1]": "Motor Controller",
      "/LiveWindow/Ungrouped/Talon[2]": "Motor Controller",
      "/LiveWindow/Ungrouped/Talon[3]": "Motor Controller",
      "/LiveWindow/Ungrouped/Talon[4]": "Motor Controller",
      "/LiveWindow/Ungrouped/Talon[5]": "Motor Controller",
      "/LiveWindow/Ungrouped/Talon[6]": "Motor Controller",
      "/SmartDashboard/Field": "Field2d"
    },
    "windows": {
      "/SmartDashboard/Field": {
        "image": "C:\\Users\\robotics\\Documents\\GitHub\\Robot-2022\\2022-field.png",
        "window": {
          "visible": true
        }
      }
    }
  },
  "NetworkTables View": {
    "visible": false
  }
}
